,A,B,C,D
2000-01-01,-0.4092991684929014,0.7075408620353569,0.6215388329725245,-1.2337793520759472
2000-01-02,-1.0490263661037624,1.5121973589302518,-1.168727086855729,-0.6198991440916255
2000-01-03,-1.9145038119570061,1.9617908313091172,-2.13137753996485,-0.7699349960126565
2000-01-04,-2.4031974626456876,1.6231869087656394,-0.7032545603088824,-2.4309039186373944
2000-01-05,-3.0879605808659782,3.3831356364757523,-1.6128214756508277,-1.810718640566805
2000-01-06,-2.8782172660452257,3.385697401323333,-1.5932657064842397,-1.505071446374673
2000-01-07,-3.2950793218207366,5.712671038978453,-2.292368194109756,-3.4083652088316505
2000-01-08,-5.0821742594950585,5.511386540676122,-2.354389422850143,-3.3296403341697767
2000-01-09,-4.921919195060766,6.834975933234048,-1.371837772072193,-2.584697828382292
2000-01-10,-6.565423078363645,6.079995145657151,-1.6969364874951365,-1.982604274991206
2000-01-11,-7.558082129749399,5.266800734486096,-1.2005550944074725,-1.388745000444922
2000-01-12,-7.363883227531531,5.638116434856139,-1.6030711566400968,-2.0093600622115235
2000-01-13,-7.026821645914806,4.647410232987467,-1.3967447403925135,-1.2854189551430046
2000-01-14,-5.87732869351467,5.776850376052747,-1.160983555127593,-0.6696740707275186
2000-01-15,-7.090882954503911,5.474597542083633,-0.4927688964448562,-0.9576723995802514
2000-01-16,-6.910611083856696,4.5645718104221595,0.3484034890465826,-2.082317237571181
2000-01-17,-5.75733066414285,4.302078040919323,0.2177021095308012,-1.3796967753297174
2000-01-18,-5.69972699997956,4.581579435974467,-0.6582240795056717,-0.7222303652901257
2000-01-19,-4.583281175841331,5.173622957195817,-0.7608708944891643,-1.4523882866940723
2000-01-20,-3.13231773280967,3.140094129262607,0.04379057697828692,-2.748050043101605
2000-01-21,-1.9178670744280237,3.2185507212061504,-0.07306742237504381,-2.633543884140558
2000-01-22,-4.933258827499064,2.9324169457658704,0.29256756975650544,-2.673227044393032
2000-01-23,-4.623504320172955,1.9796611516785014,0.8446713901214407,-4.2362570566138835
2000-01-24,-5.8998250486101025,3.0125704909728213,1.4120003601290652,-3.845967880802727
2000-01-25,-5.877190908221887,2.1322767883629345,0.5821244146941629,-4.505205565278501
2000-01-26,-4.531938944349907,1.7262767598253186,2.090037869668057,-4.668837049671979
2000-01-27,-2.828854512375398,2.3334573466686734,4.016114659671352,-5.185733826539603
2000-01-28,-2.072075977930874,2.024679638915596,4.9493814791745185,-4.66242763552796
2000-01-29,-3.55409062087073,0.33615287726042253,5.235620370961366,-5.113556088042062
2000-01-30,-5.8307296841123755,1.293860680047456,6.406848746431667,-5.487644742694292
2000-01-31,-5.1650731063682525,2.6375757817048084,5.913073416689182,-4.668957471322869
2000-02-01,-6.643047881182626,2.7035751036291007,7.263347208670868,-1.7443161803974632
2000-02-02,-6.909566374119318,1.6985443842508197,6.973138989377313,-0.7919661627218318
2000-02-03,-9.039702635677687,1.939308880259159,7.364602572392922,0.13667732558461398
2000-02-04,-8.643221849799936,1.383030422027961,7.798902517486037,-1.5528294334392054
2000-02-05,-9.87237015815147,1.265510312576561,7.054005410004284,-0.5163428230193055
2000-02-06,-10.269933380639113,-0.8483016053686541,7.601259826947729,1.4091095796875506
2000-02-07,-11.45362791150324,-0.6412768296964309,7.983212224751339,1.6425889781114327
2000-02-08,-11.074775387584177,-0.7295911682852902,8.709075394571776,1.334424885179858
2000-02-09,-10.353308185508626,-0.3742610834398135,9.71803415535611,1.5419570040377695
2000-02-10,-10.204976770008855,-0.8836959394638928,11.082897026733882,1.1466125002098821
2000-02-11,-9.320381360652153,-2.43261466401189,10.401707824845369,1.0548898211542996
2000-02-12,-10.195076710253325,-2.0218784219430828,10.046851419423865,1.450373893399554
2000-02-13,-11.973294331951225,-2.7836421814859715,10.35019360740496,0.5045545635652745
2000-02-14,-12.392436233846013,-1.516066000938196,10.126753072928317,-0.14704652934230333
2000-02-15,-13.278656450304268,-1.7063886144019693,9.98706974490537,1.0177350954449298
2000-02-16,-14.08819901012966,-0.535833260179313,11.21129481491117,1.5320679687821106
2000-02-17,-14.520642482586661,0.14409268922656937,10.506154845981087,1.6916312680739671
2000-02-18,-15.501822644353897,1.344536204615281,10.036670038277833,1.707442057165681
2000-02-19,-17.056409480279818,2.6184474261066986,7.848253429829917,1.3235654103774699
2000-02-20,-15.707416317456909,3.050066474923662,7.202143360986789,1.401999095374872
2000-02-21,-15.10177079281519,3.3377936988806534,5.820158004587219,2.5492660229882746
2000-02-22,-16.3032462923151,4.790339213016315,5.1514024253924955,3.181600307838379
2000-02-23,-16.131726079203656,5.973167411256579,5.205711564680374,4.4242808565469005
2000-02-24,-17.500246610914957,6.206394181755154,5.891115077837746,5.707249395441607
2000-02-25,-17.595659775713575,5.332758506970932,6.339983942157992,6.95060730781599
2000-02-26,-16.90500785677344,6.234734422919839,4.584936490781162,6.666580636153069
2000-02-27,-15.543223148125529,6.8969550756787985,5.7085704713771195,7.125068544805696
2000-02-28,-15.180727982437022,8.504255384578506,4.74845063434662,6.952282007606619
2000-02-29,-13.643345513335117,10.053360303358957,5.314112500937881,5.960657783246891
2000-03-01,-13.84019153708189,9.978951236670984,3.5477011935842153,5.254008271358103
2000-03-02,-15.415328745769404,11.309616203872142,1.975440147071797,6.017362521301457
2000-03-03,-15.379377252476944,11.739994202064048,1.4704832597070823,5.6513037306210006
2000-03-04,-16.08417566773002,12.192986522425105,2.752501717436616,7.601249250598336
2000-03-05,-17.653559959813443,12.449433699355254,2.2358420553042153,9.882173058734796
2000-03-06,-18.58423397985785,12.935828910355946,2.3422276381480085,10.48004035795641
2000-03-07,-17.798593479482477,12.286900277540271,2.0297373310888185,10.040321370023067
2000-03-08,-17.779645937183474,11.001429206165241,3.719962232173679,8.497104403328626
2000-03-09,-17.458992408190856,11.790490809142366,4.696181336583487,10.145421144515193
2000-03-10,-16.873489959046314,11.016854683139625,4.989739917496564,12.716477063824218
2000-03-11,-18.763990268502532,11.305832046864007,5.945391561808107,12.062903900448573
2000-03-12,-18.318790081108144,9.377605809528347,7.902184804469101,12.643826452086723
2000-03-13,-18.732602413512183,9.248110355877378,8.433567505822635,11.483511766857672
2000-03-14,-18.28116120624971,7.9518299305861255,9.208780356643578,12.091353553267167
2000-03-15,-17.920454274645977,9.704902353414775,10.095029322173573,13.291352501856124
2000-03-16,-18.768496403673797,11.396449181272004,9.178875099029572,14.314330638042534
2000-03-17,-18.919126843712796,11.166612943015457,8.318390819148737,14.489037845918045
2000-03-18,-19.759420738693592,10.83459658198362,8.145146253808512,15.547093153798864
2000-03-19,-20.05583056347042,9.476949759861045,8.978718745862793,15.96889519744832
2000-03-20,-21.181857140891,10.504730908789549,10.220643330062142,17.970255540773458
2000-03-21,-20.75321606651415,10.922047550546429,8.141676109610538,17.995121352535534
2000-03-22,-21.859517332892533,10.333589086161357,7.8582338131639435,18.07882077202915
2000-03-23,-22.294396530119677,11.45014637795668,6.827264169692862,17.201621172377678
2000-03-24,-20.37061973708277,9.932312270500553,5.271088105539547,18.258444415118305
2000-03-25,-19.547326669765642,11.407309766378372,4.161117847334699,18.914940220231095
2000-03-26,-20.482394469343024,10.69326077596556,2.8497072366616125,17.70019397657356
2000-03-27,-22.30225419020315,11.62992673546539,4.1910085192465685,17.08393973891596
2000-03-28,-21.247103059767362,10.424679135929185,4.036115263812427,16.0915321950027
2000-03-29,-20.60759393284512,9.394371841399824,5.349842331181112,15.257528173001635
2000-03-30,-19.07943781290753,8.886627491009198,5.292312993377272,15.119374906716319
2000-03-31,-18.691125315906564,9.654605932882893,4.891196695057379,15.296662698362027
2000-04-01,-17.770984994417542,8.059064324854093,4.63081734452249,14.332755033183286
2000-04-02,-19.463439072295415,7.717211223901607,5.542434765116675,14.603133379959484
2000-04-03,-19.16609182196005,8.22112983551079,4.9729447928927755,15.42667746117342
2000-04-04,-19.59040637955428,7.713335815740681,5.864579848294876,14.530427738067797
2000-04-05,-19.75765057985882,7.278291427112173,6.237545754264871,13.923617317711988
2000-04-06,-21.16076843956172,6.688803751218672,7.097619176797053,15.009537342759874
2000-04-07,-20.434144864607298,7.587693647546682,6.26040401998069,14.868113886863808
2000-04-08,-20.404424216764994,7.423196284937958,6.814417456967649,16.005233381876398
2000-04-09,-21.146620696011063,7.563850109107368,7.533318521831321,17.08976447249522
2000-04-10,-22.469186043012225,7.038632053232016,8.040094885477787,18.047153700546392
2000-04-11,-22.79164745342157,7.239608723070699,9.280316367363644,18.087251849072572
2000-04-12,-22.290246439232458,6.960646241508339,11.41737381816699,19.08981919283222
2000-04-13,-22.152923304306423,7.883669385707085,12.88766354234231,19.962196395271867
2000-04-14,-21.63630498945424,10.105910342416099,13.286956727902373,20.8158941157858
2000-04-15,-20.714676680912,9.897853890919212,14.542769840827491,20.00556118423449
2000-04-16,-22.058330499268514,9.34502227609051,13.044261044308913,20.541186436898474
2000-04-17,-22.023652697027067,9.647443312237243,13.78948896922702,19.856683225418738
2000-04-18,-20.696462714683115,10.33506818448561,14.717409700921156,19.87231373118661
2000-04-19,-19.725504201866308,10.655060134293883,15.277049286552048,21.15921957052958
2000-04-20,-19.930775755931215,10.235815541152945,13.7451112833018,21.83914005233261
2000-04-21,-19.471354266970025,10.49295438943488,12.402220793207437,21.909054037653053
2000-04-22,-21.2563540886142,9.213299144447891,11.38723275589689,21.70543643799918
2000-04-23,-20.536821943191722,8.275164003513531,11.97968285711926,22.224706738572273
2000-04-24,-20.413931124191265,7.63754702815582,13.412385096093374,21.404332680821998
2000-04-25,-20.410975092914313,6.83313606630868,12.670312374040565,22.318935422228922
2000-04-26,-18.464642361764767,5.790991095677162,14.189965440963384,21.732377249001736
2000-04-27,-17.62002084392827,4.144326120572291,13.703996962393068,20.594570423722224
2000-04-28,-18.001767614457926,2.2756632930560805,14.1980063476986,18.488122202180644
2000-04-29,-17.708305503043942,0.43433475064349336,12.870620484442725,19.441503130428835
2000-04-30,-17.053251388690846,-0.5424563690872221,13.06083282005289,18.196820447585093
2000-05-01,-17.70469858557697,0.5814720294777874,13.23302603120818,18.22101843240014
2000-05-02,-17.745829762379945,0.6060490260983205,13.145938148423529,18.159586995853243
2000-05-03,-18.169519860283142,1.8398612013841258,14.787444253283986,19.720681544530922
2000-05-04,-20.042147034559076,3.371343900475443,14.240023579627934,20.63283170408334
2000-05-05,-21.159740564935507,3.3007547173442364,15.223559341467045,20.145485406457706
2000-05-06,-20.816702060685845,2.586848675596216,15.111084933542795,18.805854225755724
2000-05-07,-20.69397925843151,1.4487255210333565,15.824241286146393,19.138474506338376
2000-05-08,-19.709965490446155,1.1244059877255925,15.899421051649513,18.169525322280716
2000-05-09,-21.087201445595532,1.2396997635316438,16.20945400049858,18.196146123766212
2000-05-10,-20.920801062308836,0.8504921558200915,16.582429896317713,18.459551086536823
2000-05-11,-20.941623947333593,-0.15045990634802342,14.566026240328432,17.446570084684435
2000-05-12,-19.36411336226442,0.09328360389340767,13.065394341633425,17.31561460756908
2000-05-13,-19.38488110064559,-0.12097141043909976,13.249536808441507,17.72815804090662
2000-05-14,-19.75744416595936,-0.43046877923301463,12.212256784368074,16.83689940052019
2000-05-15,-19.642800151995672,-1.095724086316589,13.909750173629229,16.62817158836781
2000-05-16,-19.303848850528567,-2.8961058261318433,16.194408725558418,15.322803885725808
2000-05-17,-20.16864337783438,-3.885717602916673,16.81696072509891,16.249073152752832
2000-05-18,-21.644965370537,-5.787424339825596,18.12562857509343,16.464852791339133
2000-05-19,-22.706201946486658,-6.345123594947885,20.10112807173216,17.392390284257164
2000-05-20,-22.60205270634027,-4.947088327999355,20.18549832304183,17.537926516791472
2000-05-21,-20.728545879234314,-4.2755695699652705,20.45534331252748,15.43064013445306
2000-05-22,-21.45838022002194,-4.793668846423032,18.702697994296734,15.444377508564813
2000-05-23,-21.5661572272745,-5.161806598805988,16.43035640919349,15.973832567094066
2000-05-24,-20.332044838551912,-5.480376154749992,14.968620865874701,15.575093720143085
2000-05-25,-20.80337308632485,-5.584946856979361,16.352200251963275,14.660252846200933
2000-05-26,-23.033296301052843,-4.663634774890305,15.366138474171027,14.219512580588827
2000-05-27,-24.203061529600838,-4.45250468056718,15.831219204855577,12.477037207655039
2000-05-28,-25.341926232256103,-4.8797852100942585,17.22480301105756,13.879424907295238
2000-05-29,-24.14657256083311,-5.131682748871351,19.053535276582853,15.492464499341338
2000-05-30,-22.58388479556987,-6.531568427176828,21.044953155872143,14.757010977338593
2000-05-31,-22.44417769796356,-6.579642133689758,20.96974832420729,14.061055225351854
2000-06-01,-23.920716284209835,-8.407255861762664,21.035949253988697,14.776320959240875
2000-06-02,-24.16746757993277,-10.58657198066394,20.191359272585007,13.361159056192346
2000-06-03,-23.63615117597247,-8.444931976730425,19.007178904102826,12.060803883579561
2000-06-04,-25.12865550787943,-8.775755330058496,18.037896625652884,11.624786922497746
2000-06-05,-25.28538316469329,-7.739315013248394,19.719625515116213,12.122546241622423
2000-06-06,-24.76479948433598,-9.012614664771009,17.729499463540574,13.499177820975694
2000-06-07,-25.099158842645092,-9.448711149179479,18.706199072588948,13.953058508904867
2000-06-08,-26.347437684140154,-8.620806626506857,20.793651668246522,14.381320428411511
2000-06-09,-25.7171361723994,-8.723481555452995,22.644699509036244,15.028712145755767
2000-06-10,-23.926160734543213,-8.450905420818472,22.3848579411411,16.762476468400575
2000-06-11,-23.765180541068126,-9.854582878322315,21.934189534402073,17.80783572073961
2000-06-12,-23.280633049702164,-9.50332158082916,21.224478119611767,19.028987218056024
2000-06-13,-22.718279378128504,-10.449401789002529,19.890844328582467,19.429867754930633
2000-06-14,-23.777888776247423,-10.35979210645976,18.37549047605126,20.841076489110026
2000-06-15,-24.399175456988743,-13.247798738054698,17.96737163278757,21.88740020131588
2000-06-16,-24.173471827700897,-12.62535146919724,17.55169576479761,22.16146012779305
2000-06-17,-23.93618186462931,-14.962664041647788,17.472004619663608,20.855598252923965
2000-06-18,-23.11912524110355,-13.336897021275327,18.43696428327933,19.676957732502075
2000-06-19,-23.440326484443776,-12.992641184574408,19.300557728206925,20.281163830250858
2000-06-20,-23.179206671804103,-14.745064634350852,20.0686787238636,19.532091390751038
2000-06-21,-25.24354892405176,-16.633412274799927,19.284134840104407,19.063197247582725
2000-06-22,-26.440796440324217,-16.678041847166046,20.197633465650227,18.291365097803073
2000-06-23,-25.30258028802344,-16.293268362612352,19.846995735112735,19.1046095094097
2000-06-24,-26.044807028473965,-17.653100769767047,20.19387150456595,18.910730402983162
2000-06-25,-23.84875382128026,-17.884521127509668,19.683153564077827,18.484089338119592
2000-06-26,-24.691776094825773,-19.25464619144112,20.19377792305127,19.445945823445157
2000-06-27,-24.678736937263174,-19.7970364615152,21.633442630099715,18.727781995753684
2000-06-28,-24.759441177234606,-19.643481538913704,21.264302300958935,17.445619328497127
2000-06-29,-24.29270962266564,-19.64185379025978,21.482780490367166,15.793279541021958
2000-06-30,-24.507815319890405,-18.783687693726144,21.779249280274506,15.705529831967828
2000-07-01,-24.95165509718318,-17.085301158247397,22.916541835324487,15.42260379944646
2000-07-02,-25.157336881286138,-15.182603622077584,23.738172935781037,15.088356718761046
2000-07-03,-24.72668323548944,-15.636829988193986,24.10039024622174,14.720528152599826
2000-07-04,-25.358117422590716,-15.937801680077863,23.944426849934633,14.643381301069972
2000-07-05,-24.659988386006162,-16.098652622939177,25.287840378884955,15.918063835564615
2000-07-06,-25.887041655277958,-16.39535583965985,25.63980266684065,15.294131629646945
2000-07-07,-27.022057365538384,-16.12325290082363,26.26737512775303,15.4849596269666
2000-07-08,-26.8611125862241,-14.659221973981703,27.668078466896848,15.30370053800564
2000-07-09,-27.505808583567266,-12.86416146354956,27.380130930602263,14.231009042834236
2000-07-10,-27.652470859542717,-13.884033032385567,27.05614399547778,14.597495226589341
2000-07-11,-28.149691420365347,-14.235265787528425,26.578202423852105,13.921980000434033
2000-07-12,-26.494743458836425,-13.297500042435306,25.556633947535612,15.318910931519909
2000-07-13,-25.397288397886328,-13.84275177445689,26.20146203408655,15.849362441298707
2000-07-14,-25.121861940349135,-13.990094248771362,25.165958443277095,16.635982048333013
2000-07-15,-24.238321393086444,-14.725329196906157,23.52598347345033,16.652494345854763
2000-07-16,-24.36445213278603,-15.79659683298866,23.71647116049847,16.031271644299878
2000-07-17,-24.708014622490484,-13.870683508412323,25.461014095897955,14.49218790020602
2000-07-18,-22.981019426986602,-11.793922954285243,24.66069265957441,15.410813832883939
2000-07-19,-23.09737322335877,-11.653165750007817,24.244912630850983,17.221356843179525
2000-07-20,-23.31396364948527,-13.491251862257505,25.600459187549397,17.683321768508392
2000-07-21,-24.28870961223794,-14.08497590098553,25.36263233562972,16.037533290616246
2000-07-22,-24.737766123491287,-13.987580149972498,25.835924605859045,14.994881268027562
2000-07-23,-24.087082137216786,-12.78142218874859,25.630947165864363,14.801267319471433
2000-07-24,-23.811864320853893,-13.340619889032011,25.18646225932441,14.513082168359292
2000-07-25,-23.181486501556595,-11.89343907312093,27.07653339496932,13.409743797562074
2000-07-26,-21.99264889589056,-12.748139292171373,26.344039790985587,12.088516436903753
2000-07-27,-22.54391885891483,-13.392552897433127,27.651926829909968,11.568334127257721
2000-07-28,-22.591168158675874,-13.716245083893645,28.638635232336377,12.336377277151398
2000-07-29,-22.05500353228811,-14.638515540850273,29.133960233031615,12.735341253363767
2000-07-30,-22.095319918636992,-17.32039778633754,29.81442472930398,11.950607267842612
2000-07-31,-22.637029266739,-19.121625434592,30.190372725663345,11.409496167651563
2000-08-01,-21.91722255818676,-17.52957789956154,30.284493781383354,9.950933347889237
2000-08-02,-20.99125636857002,-18.201762779286632,30.693378557264335,12.069969792316591
2000-08-03,-20.117357344673742,-18.942939247135516,30.664325391870324,12.455666619673986
2000-08-04,-19.99603671034187,-18.235639415474235,30.801767988121323,14.265318480886334
2000-08-05,-17.79976396221055,-17.710574183127573,29.805264187265706,14.303563118918458
2000-08-06,-18.545923504687213,-18.382524569759795,29.86891099200929,13.986283508603323
2000-08-07,-19.8306724417025,-18.619863228846068,29.950013595199234,12.739481828417706
2000-08-08,-19.70527930263072,-18.35637385011311,31.54365014983636,13.035729730869997
2000-08-09,-18.46446433960725,-16.72505070820263,31.310729019754323,12.857363135076515
2000-08-10,-18.319430591142453,-16.04922224369961,30.20032120613125,13.958973992846541
2000-08-11,-18.262504455649335,-15.227004797360305,28.589542242829772,12.692230022983841
2000-08-12,-17.856624696866735,-15.216258108577271,29.043411202155145,14.058882620995373
2000-08-13,-17.331660272492478,-14.737948441987536,29.248393236519444,14.361334874353023
2000-08-14,-14.85737634564058,-13.483645821379824,28.858585257614035,13.33715809500673
2000-08-15,-13.553883619636169,-13.421264065545923,29.496418775659045,14.468007266774261
2000-08-16,-13.943787274718806,-13.571453695670971,29.238718149690868,15.757847955034956
2000-08-17,-13.953141421004238,-11.531728912688735,29.587316633167703,18.086130589103075
2000-08-18,-13.393629506102192,-10.856415132650296,30.451961846815728,17.78940628117289
2000-08-19,-13.16388142907977,-10.819548756779858,31.141730976418742,19.29732039435001
2000-08-20,-14.29895422748428,-10.14687452942551,29.176366668807134,18.134193819055408
2000-08-21,-13.713674077781425,-10.536251547659743,27.87735796276702,20.422510669938028
2000-08-22,-14.103613878753023,-10.49199267043027,28.42042722542691,20.41407432469773
2000-08-23,-12.229052870808982,-10.56207552572803,29.373163288301225,18.65561487296216
2000-08-24,-13.468948334623954,-11.466169606641932,29.810805688389422,18.13233511323021
2000-08-25,-11.576929941054475,-11.546683588852208,31.89996270127681,18.057450420928554
2000-08-26,-13.022432265100608,-11.155428418722588,32.52074199056145,16.860575392710484
2000-08-27,-13.549533711537663,-11.70152880646137,30.936242179061246,17.38130222687631
2000-08-28,-13.29752843687255,-12.651453900725096,30.885539003997405,15.474091800355277
2000-08-29,-14.72942325883941,-11.542312632128441,32.21295969603796,15.949849936305936
2000-08-30,-16.361217423863714,-12.208598775131966,31.70231408599945,14.953413242785984
2000-08-31,-15.214899933081494,-14.051089797874232,32.35078802046964,15.110838242451333
2000-09-01,-15.366238078560821,-12.954366696100527,33.377057001366644,15.468580810292456
2000-09-02,-16.198774627075725,-13.976043944796027,33.248980045787036,13.53600370314786
2000-09-03,-16.40233992794812,-14.025244173062795,33.254416021613764,14.434301473351626
2000-09-04,-17.195117752746775,-14.184061933670078,34.98959581467481,13.667406461414387
2000-09-05,-16.719337553349323,-15.777513340375114,36.404780825352205,13.809259205299243
2000-09-06,-17.301131642152804,-15.438498524158105,36.45922432503746,13.08666077825273
2000-09-07,-17.612749323454448,-14.563575229921042,37.442707127534646,13.605604387015827
2000-09-08,-17.798639324158177,-13.92227342399997,37.67907320920265,12.465301990523665
2000-09-09,-19.298218556253033,-13.173827869079775,37.447603456171294,11.769815415980446
2000-09-10,-19.22239930642905,-12.84351096100061,37.37646831132057,10.94561418990165
2000-09-11,-22.786674801147505,-12.55279889333814,38.46502166047401,11.922428672473602
2000-09-12,-22.881457606913578,-12.455592622042019,38.887923041298336,10.980400969342869
2000-09-13,-23.784284056922267,-12.998655278439797,39.96478974697561,10.382667266901016
2000-09-14,-23.95272381133656,-13.146406837342004,40.83364285860434,11.322638802471786
2000-09-15,-25.29726685540821,-13.893852337218462,40.663210892187244,11.535232238346335
2000-09-16,-27.425271814424537,-13.842407652334881,40.49816753468838,12.148062970715259
2000-09-17,-26.496416976532327,-12.30783355335498,40.60547402181384,12.23156223050336
2000-09-18,-25.599629828236374,-12.724934624568093,39.79220043528741,12.889727336936797
2000-09-19,-24.83800326010104,-11.614639696088242,36.88534596507751,14.04566560476384
2000-09-20,-25.36924959606099,-11.120706316660476,36.464819869947796,13.086132340273984
2000-09-21,-25.314071068455494,-10.850308609346564,36.032879261418564,11.22500897207612
2000-09-22,-23.913133322717147,-11.303274747843028,35.18636084064704,9.909755773676878
2000-09-23,-24.757666706877938,-11.749838141571843,34.8242572330292,10.986549686965127
2000-09-24,-25.81258708190196,-10.597932181880186,36.32450407884883,9.893780312523292
2000-09-25,-24.493963985943505,-10.851200878871483,35.75805093670953,9.312420918886536
2000-09-26,-26.649151294761808,-10.587902687447817,36.435365437219396,10.000460238768357
2000-09-27,-26.95430501725074,-11.449881095844168,36.8731876040658,10.83085596618391
2000-09-28,-26.411932153619293,-12.817116563868671,36.66391654444434,8.569987791246824
2000-09-29,-28.148974876659516,-13.772136251941582,35.728480109389515,8.791220879602731
2000-09-30,-28.988847520083233,-13.82315555002808,35.25192781901351,9.814891682417121
2000-10-01,-29.196336951658242,-15.261621530742248,33.72518177111334,9.61472659054275
2000-10-02,-29.44219277195134,-16.443477152512116,33.472848810688035,8.996633889565054
2000-10-03,-30.1110148584114,-15.046337518717493,34.557665176373725,8.534678699446852
2000-10-04,-30.22519221364673,-14.520463164801031,35.411504299453384,7.995573750101789
2000-10-05,-30.222809106795456,-15.127219951897793,34.49362584156069,7.318869972818183
2000-10-06,-29.91977132845401,-15.282829459730891,35.369832642828705,8.366776106915395
2000-10-07,-29.420632697275295,-17.677861057395234,35.76550841234977,8.194392243605385
2000-10-08,-28.531845228154733,-17.896241792076506,35.08555470843434,8.1326893674193
2000-10-09,-29.157172739169376,-17.367674294633005,35.31999163242274,7.992619483982957
2000-10-10,-26.872873896526464,-17.56099919436911,33.60111638593238,6.282772697723931
2000-10-11,-27.96404766948586,-15.871778528929303,34.66770196725425,5.0244444073896375
2000-10-12,-28.52364845032916,-17.830324144642084,34.707690270991165,5.522522312759128
2000-10-13,-29.089554834850965,-17.755837084757946,32.76476918619294,4.133505106540378
2000-10-14,-29.439807947980967,-18.24965385602239,33.236817055061955,4.250072667383345
2000-10-15,-28.16045380366173,-17.308750689624816,32.71362762236062,4.035514555880148
2000-10-16,-27.400136924565672,-18.933002933242605,32.68589004600964,2.5285092550283723
2000-10-17,-28.510158096951074,-19.743645897056016,33.1357332470447,2.676747416427851
2000-10-18,-28.83750878477191,-20.664310532630658,32.73354735555505,2.7424085301505534
2000-10-19,-29.079375752933053,-19.98796088182161,33.24930339715309,2.5582669669346254
2000-10-20,-29.71978217821641,-19.37279930586713,32.55903002592224,2.21936144157194
2000-10-21,-30.81097729237819,-18.845503490308932,32.94102182914375,1.6915426153953144
2000-10-22,-32.128289410970524,-19.65469779936667,33.760321344512384,0.4270150461767874
2000-10-23,-31.622562924815295,-20.292738344930523,34.294561210112455,0.6373746193074163
2000-10-24,-30.716962305638663,-20.168188287092622,33.435281006042956,1.0603720615015444
2000-10-25,-31.459839323465566,-21.364826695717987,32.33402108409923,2.8791707976781202
2000-10-26,-31.281263976678357,-20.833250273925977,31.474922757804237,3.1659562528710614
2000-10-27,-32.1920436706565,-22.840504204978064,32.36725762422588,1.6865902240960897
2000-10-28,-31.258507923893422,-25.632054277289733,30.967381805833472,2.4012940952253827
2000-10-29,-31.667029971447253,-26.261409088965348,33.0693427230359,3.4804723336771164
2000-10-30,-30.65575143416222,-26.32399672464777,32.66765558811935,2.7634228989967813
2000-10-31,-31.563603964277753,-25.98432201468313,31.365620518181895,2.2527270431738535
2000-11-01,-30.549221001933418,-25.829822595325695,31.474293393398305,4.622205483797192
2000-11-02,-31.260921773907306,-25.348728852801724,32.70701139431954,3.756861557469577
2000-11-03,-30.757152933059622,-25.827688009971048,33.971028968711124,2.646168626084563
2000-11-04,-30.484548431034337,-24.75963270926955,32.20792407473274,1.9854052689908233
2000-11-05,-29.681679698574957,-24.358526879196944,33.26130480835483,2.9627531684219712
2000-11-06,-30.86531780324636,-25.08830412179547,33.50102210662848,0.7885111186454425
2000-11-07,-31.549133653759146,-24.521296126964867,33.88811592515136,0.642526435559273
2000-11-08,-31.04658334812467,-26.055360139628522,34.73019902577488,1.9703403897439944
2000-11-09,-31.70430979238699,-27.01416257614431,34.48098153178751,1.6825172395896728
2000-11-10,-32.136690237125386,-26.050276412755643,33.58192868891831,3.0135023468091604
2000-11-11,-31.935921444640684,-26.44440949217447,31.171322273490077,2.9669945809552396
2000-11-12,-31.79976888200163,-27.37845542750179,31.5710571168618,2.1590879798305522
2000-11-13,-32.654255906971976,-26.312174083328017,31.351211927401653,2.271582200776368
2000-11-14,-31.922160764294144,-25.987556871843957,30.33534923837211,1.9411922055542905
2000-11-15,-32.31367023258906,-26.46125959016866,30.767161709695735,1.4725934633285225
2000-11-16,-33.4985784060229,-24.97483667468502,30.989159528094167,0.6938943289796656
2000-11-17,-33.39082962748795,-25.043225327782654,30.07592687814097,2.071460446927976
2000-11-18,-32.96756843178623,-26.99199319538746,30.076155368294668,1.595956094124016
2000-11-19,-31.356864159349925,-26.616189436893695,28.746936826234247,2.753915154836486
2000-11-20,-31.012315807321286,-27.35086117967552,28.425456667701734,4.836063845339897
2000-11-21,-30.47431842574029,-27.25592848814146,27.14140654886869,6.045657057133024
2000-11-22,-29.315486563408708,-27.238747525660358,27.413441633500405,7.336359780895144
2000-11-23,-29.425606639137207,-27.428497032836184,25.792824425652086,8.524694820851918
2000-11-24,-28.63788410867755,-26.298796822867878,24.020692471554785,8.807144361648684
2000-11-25,-28.13371733443824,-25.197987476204045,24.012088680346945,9.117622695592647
2000-11-26,-28.252669639758874,-25.81543322867021,21.60819856554793,8.076211329400278
2000-11-27,-27.47443189308264,-26.20220292710132,22.015773973686187,7.632671269924787
2000-11-28,-27.326281094329197,-26.099389404800156,20.579979422393063,8.410524238559121
2000-11-29,-27.635232459605845,-26.400372868015193,18.62367921526758,8.470615874410482
2000-11-30,-25.947774470994652,-25.26527268140938,20.23432668924041,7.98280566116811
2000-12-01,-26.615079001543464,-25.761075460144514,20.549192282771532,6.596480627810615
2000-12-02,-26.21557067332668,-27.862882232830533,22.582659212396727,6.589431811652182
2000-12-03,-26.513578255908648,-28.503560108672126,22.37081298976205,7.49255783554925
2000-12-04,-24.805662979748497,-28.098131106672184,23.406469452961936,8.147133893245934
2000-12-05,-24.433847708905642,-28.900473616600717,21.490303178952864,8.409655075123078
2000-12-06,-25.07241450915137,-30.96990066930217,22.429038143338325,9.345463553695723
2000-12-07,-23.835245942259075,-30.966566022123384,23.091341694651742,12.296399366474626
2000-12-08,-24.661868365177487,-30.96207888338144,23.245343934206947,11.738920871927366
2000-12-09,-24.96531382785854,-30.587911945802745,23.430732848948285,11.169169913159658
2000-12-10,-25.63037946139334,-30.40629234024048,24.655288700565393,11.793513675640318
2000-12-11,-24.135129902835594,-29.99529638620974,25.8540462776224,12.114264496914377
2000-12-12,-24.47285410912377,-29.453487218319594,25.40859198571694,10.660189107619535
2000-12-13,-24.744868184127117,-30.20710829463046,27.5912770001466,10.95368021608314
2000-12-14,-23.92103577318123,-30.571115100784446,28.94285916791208,9.660138693664612
2000-12-15,-22.54495197346713,-32.02850676948746,29.34162522009108,11.165741246284327
2000-12-16,-24.35935473567878,-33.858630367596625,28.15466133837125,12.196821176041206
2000-12-17,-23.40277803459173,-35.84886667972231,27.581747524092982,11.326048125905587
2000-12-18,-24.210883143868433,-36.15125331867715,27.41739293534596,11.712549618227582
2000-12-19,-23.763289382463146,-34.93134025751461,26.966481283084146,10.477241576802648
2000-12-20,-22.83004501431034,-34.31841557369304,25.234333284259964,9.541236951120654
2000-12-21,-23.396635485810002,-34.324090639420575,25.147378367236282,10.055227968483617
2000-12-22,-24.188964936409178,-33.985998412336926,24.507044707761235,10.016410401149935
2000-12-23,-24.92379867636783,-33.500264120114885,24.18676325518833,12.736765062151031
2000-12-24,-24.182649691496053,-33.768734865959196,24.482312929737954,12.876521859365639
2000-12-25,-26.123377467181758,-33.54057948081781,24.307846673177405,10.831598962116567
2000-12-26,-27.170037668047694,-33.4630910782172,26.28671533799231,10.415295632405357
2000-12-27,-26.29046152735736,-34.92891355318427,26.06053735295971,11.679411898284094
2000-12-28,-25.013889679293,-33.761719882529086,25.475601413417415,10.384296233127795
2000-12-29,-24.615171831976777,-35.29362354251604,25.481584017538154,10.572186197481308
2000-12-30,-24.059861121466497,-36.45266447269693,25.23440675314002,10.5115757533786
2000-12-31,-25.2018288460421,-35.5389237670563,25.194692281914207,10.052256536417762
2001-01-01,-25.86434505362154,-33.93600050607378,24.479893945729206,12.089262058556407
2001-01-02,-24.841945274568825,-33.96517230803197,24.407150290402935,11.550526928499234
2001-01-03,-23.34639879778216,-34.69985937980133,24.585267883000398,11.309154961071958
2001-01-04,-23.87000459112735,-33.7951004739237,24.09021229434862,10.343645951610858
2001-01-05,-24.484681540800402,-34.24191298808334,22.981855003134747,10.455528864833852
2001-01-06,-24.80006003988303,-35.463531173592486,22.80326551987372,9.389739291001355
2001-01-07,-26.23412578818143,-36.495507873637514,23.743256934787702,9.348682172997972
2001-01-08,-25.85458561096795,-35.90993655507919,24.30615828977128,8.283982863818565
2001-01-09,-24.995225765326644,-35.14554771606181,22.491744645166687,9.014980834089204
2001-01-10,-25.56773339957729,-34.85957039826764,22.4637742532188,9.668446663170004
2001-01-11,-25.388409503421787,-33.86226467409702,23.40678316140024,8.308128412461345
2001-01-12,-26.563992536942898,-34.687862343841104,23.0969645511148,6.73310105633553
2001-01-13,-25.921373244794903,-34.72082861560991,24.3406015687671,6.68018072321771
2001-01-14,-24.125270107929424,-34.80211900001669,23.956093537316573,6.568007676901214
2001-01-15,-25.190294529596706,-34.4930502750379,23.72944850373126,7.151382792365506
2001-01-16,-25.002986956963106,-34.87122123341306,22.871574587957202,5.256144093893722
2001-01-17,-25.28199474418005,-34.630638615183855,22.100369969216494,3.940539028720912
2001-01-18,-26.045559545970537,-37.18626144837323,20.73667375685798,3.2106314410573207
2001-01-19,-25.304112045027885,-37.24782032933052,20.07101855371295,3.7429579485236095
2001-01-20,-26.67926455743072,-37.112269171558886,21.05518282880382,2.3771934268729678
2001-01-21,-26.960905802614672,-36.418872162475644,21.443583789357046,2.2273491342778984
2001-01-22,-25.62044432150458,-35.90845161564986,24.3012911251403,2.9691913665321676
2001-01-23,-27.57350291614191,-35.32857881367694,24.044612582220328,2.7119305195419834
2001-01-24,-25.89522026798237,-35.752434508576854,23.810862856400124,1.1318185577371267
2001-01-25,-27.93115348502336,-36.930999187068515,23.729022191596705,2.012301328617511
2001-01-26,-29.215464708831085,-38.90172778431496,22.54050238400821,2.848544839473431
2001-01-27,-28.815805056455783,-37.947042346340055,23.316217442731205,2.739262586628221
2001-01-28,-28.558788547543358,-36.236477969710634,22.78484369249044,3.534813089050888
2001-01-29,-27.57809920356336,-36.99064569629993,23.736239446334515,2.0454485610062383
2001-01-30,-26.33455848735671,-36.750702983620734,23.470722332111915,2.678197389068209
2001-01-31,-26.570158666656017,-37.16307677314465,21.595743982919274,3.6289612457142226
2001-02-01,-26.931390840295048,-36.63695615711413,22.350794817871027,6.417727563833772
2001-02-02,-24.455410076740215,-37.62367938521571,21.91439035057163,6.990644889086793
2001-02-03,-25.55403991677186,-38.078968202467784,23.69895806066878,5.887123522764237
2001-02-04,-24.946606439852513,-38.226843601374874,25.453781606130942,6.374900377209736
2001-02-05,-24.118917215374115,-38.66489795136362,25.351584948047922,6.380637867495434
2001-02-06,-23.58268906633971,-38.64483755386305,26.410984403326847,5.1112394218859425
2001-02-07,-22.458224013512663,-37.036583133861804,26.748984150492916,6.492139064536853
2001-02-08,-23.427753299663774,-38.65958878263625,27.488279399384357,7.069065617005838
2001-02-09,-25.54625430875352,-38.557619055543185,26.73548041153098,7.033964254196548
2001-02-10,-26.199587239656775,-40.0289289558451,26.492148651545033,7.938003198837462
2001-02-11,-26.134929240009978,-41.96052618037793,26.070345804928586,6.96921960806849
2001-02-12,-25.683151642224374,-43.17420779489335,26.899244594814355,6.623744595656396
2001-02-13,-24.476770001867436,-42.198062399470025,28.2653206537832,6.276252887826601
2001-02-14,-24.073783711829165,-41.58729129926769,27.73772101151161,3.1710461597007686
2001-02-15,-24.373753490574067,-40.47603318379031,26.938014094446103,2.270488129804555
2001-02-16,-23.706025887615038,-40.31880945096051,25.668892555353203,3.8421652050786026
2001-02-17,-25.002970727485977,-40.61945287608657,26.029744279143934,4.37833365823916
2001-02-18,-25.496109428794327,-41.44388140295051,29.578541757385352,3.6629975969333923
2001-02-19,-26.869903487696224,-42.28180351777484,30.182898504079766,3.0923761579826547
2001-02-20,-25.73450840539272,-43.08739192408579,27.201929835299275,3.0722174438535608
2001-02-21,-25.62698281833959,-41.199675840250855,27.25446634277121,1.3889267271416432
2001-02-22,-25.929325725784064,-40.40359550027307,27.380390880262883,2.5405167317138533
2001-02-23,-26.773245494946497,-39.060126221529174,26.765953816376793,3.0243814981019552
2001-02-24,-26.85360859184461,-38.44197788241563,25.400326082594542,2.6145545555708685
2001-02-25,-27.5841856274161,-37.08939056458878,26.043457723244245,1.852822529756263
2001-02-26,-27.752646837511726,-34.789590160528725,25.564055781526427,2.0739851005176515
2001-02-27,-29.010625461517815,-34.98064750274754,24.19093124801715,2.012824707076886
2001-02-28,-29.33067626244187,-33.36473831625174,22.526112746908797,2.2514609435877526
2001-03-01,-28.9005321263774,-31.88774138649687,23.036161428768008,1.8119387222405106
2001-03-02,-28.78913518266433,-31.899609698632965,23.334151370487785,3.153024618755805
2001-03-03,-28.652936552942375,-32.04924712385075,23.400212913049025,2.837014355136742
2001-03-04,-28.632045154700148,-33.31148402428372,24.486936909907172,2.845282551144819
2001-03-05,-27.22696462966441,-33.914110579431075,24.12512059994179,1.6788723009531854
2001-03-06,-29.309240078347532,-31.091927431977886,24.25395620281039,2.075569425372787
2001-03-07,-30.03576689774678,-30.61267316113267,23.95112340568429,0.9232825749876801
2001-03-08,-30.975495822545522,-29.548981039300145,22.977860485594444,2.371784099290301
2001-03-09,-31.955492910595474,-30.636445148652516,21.89455472947031,1.773261202005683
2001-03-10,-33.01275545331994,-29.308588405670093,20.887161675095324,2.1716400770428885
2001-03-11,-30.67311468829037,-29.907487638401143,19.708360354258982,3.5223968521559503
2001-03-12,-33.00991405389391,-30.783972089596368,20.1115496460816,4.708538143511148
2001-03-13,-31.756910009179983,-28.56684518051451,19.895184078081545,5.082105255191644
2001-03-14,-32.16763910703838,-28.95585277891028,19.88404561588023,4.647432048170572
2001-03-15,-32.61019306418751,-28.68497338175882,20.490579201042294,4.464908599910019
2001-03-16,-32.36598432200275,-29.97245010995166,22.153817137318832,3.4696078189647923
2001-03-17,-32.948075372968134,-28.696011029678417,22.894157326530742,3.208573212913916
2001-03-18,-32.36933037396213,-27.930440825842044,21.91876980573765,3.869361947189083
2001-03-19,-33.1752160871851,-27.222215204009853,23.343368160880416,3.8486301626069697
2001-03-20,-33.54198222920236,-27.19634615489956,22.6230413664106,3.8827811241255494
2001-03-21,-33.800037112327935,-27.69055557935012,21.540587469079497,3.9023387124836986
2001-03-22,-31.792901355297197,-28.010432937173135,21.712689397227262,2.4881035713029
2001-03-23,-31.54996856017993,-28.922963991344062,22.280242127914605,2.5049622469833355
2001-03-24,-32.79227138516134,-29.019972860595196,22.721660010497008,0.3403814516358299
2001-03-25,-32.9735146154871,-27.336765963583467,23.122117050813138,0.5751161666568427
2001-03-26,-32.821373239122366,-27.483731079089456,21.879818755147205,0.32581606026753684
2001-03-27,-32.65752462618326,-28.697615766572184,22.337426428742063,-0.24267989385209798
2001-03-28,-31.996362954446774,-28.183674638628617,20.45230698148567,-0.9342187080844064
2001-03-29,-31.755641874333413,-28.40800068993198,21.394254007148504,-0.21370340503815743
2001-03-30,-30.59367307136056,-28.410542575533697,21.03415684140655,-1.3832973143251754
2001-03-31,-31.557918509070095,-27.90449459550537,19.580431673589054,-1.6987601218372825
2001-04-01,-30.49106064218379,-28.731295613381274,19.001810685756237,-0.2282533094078627
2001-04-02,-29.753042591014747,-30.111425249557506,21.052559297781055,-0.9828401422762681
2001-04-03,-30.28439380013602,-30.300806340147698,21.023571828690166,-1.1492649888836515
2001-04-04,-31.214135374668608,-30.179774064757037,20.607994542303413,-1.6877944575390833
2001-04-05,-31.94521262931767,-29.859515374277066,20.634383143389865,-2.270921827558393
2001-04-06,-32.06641081903186,-28.437668947629227,20.946362993078786,-2.162124181450477
2001-04-07,-31.887394785560435,-28.207098085125264,20.761121286055392,-2.25791625929142
2001-04-08,-32.84963355472289,-28.401681172871776,20.43569989735752,-2.75924022498456
2001-04-09,-33.64485985395704,-28.703674269504127,19.271091894065556,-2.7130213322064156
2001-04-10,-32.316010810646176,-27.820808368556786,20.939988511296825,-4.20507045880338
2001-04-11,-32.15491749274204,-27.647753539555268,18.826682827603424,-2.96313132635916
2001-04-12,-33.77260139024256,-27.378798018313898,17.8347976453692,-1.7808068138668256
2001-04-13,-34.278352583571966,-25.666870051972417,18.335296373960748,-2.6526393952416214
2001-04-14,-35.142544899350746,-26.950992358981818,17.641937607032965,-1.1458653224145534
2001-04-15,-35.070770807294764,-28.232723583366123,16.348716194709716,-0.48582516101321005
2001-04-16,-36.18147416134272,-30.18335705283612,15.6615949006918,-0.7888823115964916
2001-04-17,-37.49898081437593,-31.225148059986868,14.572631044921206,-0.91505970732306
2001-04-18,-36.96815137041685,-30.63374456080754,15.499185612731575,-1.5721153000855383
2001-04-19,-37.62890241623852,-31.582687290235413,17.22288692521089,0.10605842308380731
2001-04-20,-35.67471521212449,-31.610281573117195,16.654707702978136,0.3541799871770394
2001-04-21,-35.57825150486934,-30.703570687516077,15.460866509440104,0.17082981884812237
2001-04-22,-35.04744977634316,-29.916097844616754,15.764714679838264,0.9328100475226839
2001-04-23,-34.03428215601712,-31.090401327779272,16.16577704111957,1.038862159262868
2001-04-24,-34.57730093060419,-31.119320455349513,13.877149047797287,3.7153830153074896
2001-04-25,-35.450245421220885,-28.88173209756026,13.34857837745562,4.759783942916622
2001-04-26,-36.61188040784402,-28.1222618806705,15.77930578283556,4.672246020199377
2001-04-27,-35.1078642267814,-27.908985358045193,16.931949430775678,3.4680319429551902
2001-04-28,-33.675437942743386,-27.39412384128976,15.190376537275514,4.284099230137034
2001-04-29,-32.751170128402904,-30.538766276056833,15.157016373538628,4.703138485696125
2001-04-30,-32.393071107210794,-32.19205062276663,14.581733979423886,5.91846873384066
2001-05-01,-34.06246764975316,-31.86559629230006,12.797039779941215,6.136837932465946
2001-05-02,-32.781141660617116,-30.482463344147412,12.875711874172486,7.249957190524512
2001-05-03,-33.04060502190334,-29.23893623352271,12.021521321312768,7.815960109458896
2001-05-04,-32.92805786251972,-30.427766367482,12.694260664819826,6.823010482988102
2001-05-05,-33.186137242987854,-29.681623059576076,11.531108063022282,5.572438959839523
2001-05-06,-32.90750598047434,-29.463123528692748,10.781134324613827,7.784678454504695
2001-05-07,-33.369397473295585,-31.52625553166511,11.368468652498374,7.036299256667133
2001-05-08,-32.30257022363205,-30.237810994708358,9.516921414516254,8.127687719200374
2001-05-09,-30.50827204989638,-29.249931949782262,8.113985887259858,9.000979062180898
2001-05-10,-30.824820408262312,-29.744968386043457,8.554173668039663,10.700536889568946
2001-05-11,-30.885847428956332,-28.7213170868185,10.440885858599682,8.756343786230119
2001-05-12,-29.651779568737123,-27.800410109810034,9.744364346400229,8.764102442339388
2001-05-13,-30.285846243762922,-28.59789671334774,8.04160785629096,8.390373759814407
2001-05-14,-30.21355210652772,-27.271290504548567,8.049361304678637,9.134354628837466
2001-05-15,-29.489400231432928,-26.87749979844565,7.603987564473125,10.256414547121135
2001-05-16,-30.461376249046815,-25.908766412324972,7.872540072019482,9.656886308771927
2001-05-17,-30.36146601889785,-25.100175088500087,6.265129595780367,9.125911042306733
2001-05-18,-30.67511742277007,-25.74852044976568,6.990398173361578,7.457726233043876
2001-05-19,-30.30995147059595,-25.722733140553046,7.543218071346235,7.299175843183546
2001-05-20,-28.96644948193146,-24.38835681975006,7.527823356349804,6.616135622400328
2001-05-21,-29.447999620589812,-23.182727052028756,8.684348355265874,6.902850160668865
2001-05-22,-28.792266593870078,-24.735983207336137,9.62134950495119,6.454828950813625
2001-05-23,-29.19089750055982,-22.633309565442797,10.237622263585484,4.815514512341562
2001-05-24,-27.791347969398196,-22.875038160988247,10.621990718555475,3.677468438381714
2001-05-25,-30.056679718830672,-24.193395898326457,11.86723113962125,2.561672537919468
2001-05-26,-31.64483386040112,-23.481614605808,13.16840593007196,1.785067873540182
2001-05-27,-33.76549080222309,-24.307506463388854,11.155405129368388,1.2288615393145057
2001-05-28,-31.80249279664298,-22.44574553688004,11.944247595345873,0.5114564263244293
2001-05-29,-32.34463544906612,-22.918125335425096,12.722222281154847,0.7056985784705258
2001-05-30,-32.17311861518711,-21.335969410290783,13.44888448517591,0.4255721420330721
2001-05-31,-30.319385898544283,-21.33075882470536,13.786096882284173,0.8380135541579089
2001-06-01,-31.424284960695463,-20.8235975899526,15.205603585835842,1.449794277293614
2001-06-02,-31.66696595233199,-22.56473542859977,15.29216639884647,0.20161193661896748
2001-06-03,-33.06083910981932,-22.388730918551868,15.57673876699987,0.26109433528247705
2001-06-04,-31.93227174761396,-24.091428408610035,15.122743933133771,0.5278067935645201
2001-06-05,-32.18719131905578,-22.10615425590337,14.568070137765043,-0.40471579751837106
2001-06-06,-32.81332312456978,-22.863217450985868,15.179204000014554,-0.5483133528962998
2001-06-07,-32.96904592033334,-22.48902486749214,15.659156524305223,-1.7664858343318375
2001-06-08,-32.66401325069421,-22.876033288141347,16.53446336590736,-3.201229865893188
2001-06-09,-33.18605157607108,-23.487215084152226,14.841771000726611,-4.984444815502524
2001-06-10,-33.364764460466354,-23.712123831176154,14.102371118341111,-4.12426344099962
2001-06-11,-33.989523616177856,-23.084170625564393,14.210923657663507,-2.9820231964636923
2001-06-12,-34.19058183585517,-22.683266135769802,14.444060036852049,-1.8241861161691955
2001-06-13,-33.468777877208225,-23.16239619274135,14.960705104971108,-1.2820861698622692
2001-06-14,-35.20526398781692,-23.494124747471947,14.743636684376057,0.8910274331742287
2001-06-15,-35.290266602830854,-24.308644492688643,15.005478139853496,0.31890886852093814
2001-06-16,-35.27749452218356,-25.255679678205432,15.87316128738367,0.09039243350034648
2001-06-17,-34.12901401157982,-26.997854400976777,15.142611732086332,-0.6620884284163335
2001-06-18,-34.140819713194105,-28.16531814770484,14.144323496666429,-1.8664808823826167
2001-06-19,-35.31074400350525,-28.898070065662804,13.04742899284668,-1.779634503085536
2001-06-20,-36.10695979349814,-27.90492702185268,11.901306577361867,-3.854918966028087
2001-06-21,-36.46223866167407,-25.883968553693524,12.169061480827947,-3.981686444264062
2001-06-22,-37.736622181051004,-24.713982485364568,11.672807897854064,-4.135109277073927
2001-06-23,-38.52696944592645,-24.007697288851695,11.341270401537953,-4.506506386165141
2001-06-24,-38.08337710659058,-24.366974923841163,10.727671528345688,-4.548101005047651
2001-06-25,-39.16140982833039,-23.371924787044,9.783820318303647,-4.778730140912494
2001-06-26,-36.61353907012105,-23.9232015954913,10.129987184501259,-5.576573165969111
2001-06-27,-36.464768631564546,-25.176219594113338,9.644232256875286,-6.029562364061435
2001-06-28,-35.544369282147514,-25.360544453009496,8.822830667644634,-6.873790413907825
2001-06-29,-34.65472115770809,-26.55368852240966,7.335593960398997,-7.965352440776041
2001-06-30,-34.168925068674994,-26.83446162082441,6.051108326056003,-7.581901384255015
2001-07-01,-33.72685545448236,-25.65080169279038,8.02155828262239,-7.903855869532221
2001-07-02,-34.74882256909381,-26.15962297311197,8.62456323490667,-6.056843680854222
2001-07-03,-35.15548180836087,-25.91301183259405,8.569375701248328,-5.0428767859312735
2001-07-04,-34.46842120453959,-24.137185259088962,8.485978363766991,-4.185453707412169
2001-07-05,-34.178805781789166,-25.830146975430278,10.374628730538625,-3.3457688955525984
2001-07-06,-33.21815346425987,-26.7752475012366,9.820042882722088,-3.972640332825117
2001-07-07,-32.350537882312985,-28.691437730018706,9.972515078139645,-4.1450627259720045
2001-07-08,-32.75720003164101,-28.70045547049066,9.486559732177298,-5.201774816318983
2001-07-09,-32.0120547613008,-31.393949149716796,11.75210810921264,-6.0766637370768875
2001-07-10,-32.901613424111524,-31.03528241645238,11.149586723498453,-5.285838333927509
2001-07-11,-33.25990144110234,-30.97578144338077,11.19393915388601,-6.027415238457073
2001-07-12,-32.8321522332666,-30.11023552867756,10.19382136378806,-7.070953200522906
2001-07-13,-34.13804968914996,-30.18410423515485,9.25711815336087,-8.317853762421565
2001-07-14,-34.68612740146621,-29.18313292660948,8.45205150918135,-8.216693717426592
2001-07-15,-35.58544235794651,-29.834509594360416,9.869683340907045,-8.64434304179134
2001-07-16,-35.43910278394178,-29.87275909964706,9.700337967464948,-10.425682885543438
2001-07-17,-36.056904428494626,-30.74927699555078,10.461343856491471,-11.66773376046818
2001-07-18,-37.40496262659195,-29.931308662442447,10.042991137295886,-12.460377886910099
2001-07-19,-37.20432756914409,-28.922249557983196,9.144891025060607,-11.039631642960796
2001-07-20,-37.24486098651575,-27.127087051423707,9.296523089282791,-9.15794881414564
2001-07-21,-37.56266091226422,-26.04712235220903,8.94421826881226,-9.227455891590187
2001-07-22,-37.77544464856339,-23.394589094662727,10.716957929674852,-9.405316350592715
2001-07-23,-37.52407872428589,-22.97900557252468,11.985554363947557,-9.92565733519759
2001-07-24,-37.528734570214624,-22.46457070296984,11.708683465990342,-9.53803051064485
2001-07-25,-38.21066355655712,-23.254710861988286,13.347882059202815,-9.360750716472873
2001-07-26,-37.10816315825663,-22.70548872057208,13.538938982690405,-9.366129729815473
2001-07-27,-35.74799277677456,-21.774025646953547,14.153925185866457,-9.759506321943052
2001-07-28,-35.81464616882998,-21.246975204247683,13.682260663724607,-9.621770590836997
2001-07-29,-36.32710942040495,-21.038415389409334,13.880181153091662,-9.922494362471925
2001-07-30,-36.262925701654375,-23.975161428787203,13.336220623709567,-9.890160846612172
2001-07-31,-37.447188561179956,-22.01821700185662,12.779301454216984,-9.609099556692957
2001-08-01,-36.23236680636965,-21.067068375611047,13.967506784640785,-10.439780693330189
2001-08-02,-35.40737466559111,-20.796699329686287,12.807892415308693,-10.673298490569321
2001-08-03,-35.49868887308097,-21.059546783898845,12.778310680621303,-12.386910638144334
2001-08-04,-35.40266325081436,-22.06251237177502,11.24426821530924,-12.285241430371572
2001-08-05,-35.43612894493377,-21.64524674973239,12.428517739528306,-10.952996483336328
2001-08-06,-36.501610323206954,-23.218508185543616,11.772343698879965,-11.649620032694084
2001-08-07,-37.10611353901901,-20.788399449149296,10.857424086857522,-9.710120167156447
2001-08-08,-37.717723155197106,-21.349982096906412,8.735137587399826,-9.09221262992629
2001-08-09,-37.7553739663626,-20.202441767706897,10.034632139211991,-10.139095355657522
2001-08-10,-37.04800397046013,-19.21907403103308,9.825503190434471,-9.500764438854473
2001-08-11,-35.38682156129739,-21.16561566880304,8.731993502598888,-8.42413799132579
2001-08-12,-34.58458534325606,-23.423511805933373,9.167093065890613,-8.254271232600743
2001-08-13,-34.49596462212349,-24.155138742896057,10.136259785238725,-9.191895210707418
2001-08-14,-34.89363006442212,-24.88813102030763,11.189604282796168,-9.202874315762859
2001-08-15,-35.79543069347188,-24.68148396181487,9.575897320079175,-9.222177299821025
2001-08-16,-37.31268143444441,-25.448483296914723,9.430760826292904,-11.225778713872392
2001-08-17,-36.92621830670089,-25.613533670067294,9.400245341057904,-12.433320707759112
2001-08-18,-37.70603216416042,-26.863286151995087,8.737910886825587,-11.129473691269833
2001-08-19,-38.31569283751829,-27.53816106376062,10.022409945452363,-12.068340683030938
2001-08-20,-38.87227199459352,-27.711331572346918,11.153957288903358,-11.729028123715235
2001-08-21,-39.28581658642031,-29.023743512141184,10.10630227636481,-11.791251713079793
2001-08-22,-39.81288785370054,-29.10614037000822,8.76716616014024,-9.746009916794753
2001-08-23,-40.10365783377551,-29.365400549164473,9.985030845777683,-9.128617048179777
2001-08-24,-39.78088651122785,-29.913823501619444,10.853119731156829,-8.298141993845679
2001-08-25,-38.29292586770593,-29.638031899218493,10.9973574280467,-8.155411647575564
2001-08-26,-37.82965155040043,-29.221827939380088,10.292545077137218,-7.93891210221682
2001-08-27,-37.752869233743006,-27.097200508052538,9.372686047794828,-8.871541124809454
2001-08-28,-37.46760837360089,-27.29353701015717,7.559949136832331,-8.585949644689773
2001-08-29,-38.12447878564755,-27.1682031731518,6.872765809293171,-6.629250313944874
2001-08-30,-37.52640713401115,-27.19772892301001,5.700435255076689,-6.605679908465414
2001-08-31,-36.90948209677472,-28.123410766792283,5.395082192758125,-6.9960999813162985
2001-09-01,-35.83532332104711,-28.78343374228397,5.000292135285988,-6.99812642590197
2001-09-02,-35.30142964261716,-30.029899736202424,7.18127061080713,-6.704887635855515
2001-09-03,-35.144073961489916,-30.067320617325816,6.668168484670359,-7.358858124811011
2001-09-04,-34.362609411303715,-31.607364646442534,6.46845507362058,-7.014572064712273
2001-09-05,-33.57729279726627,-31.407167986142422,6.703218318790122,-8.159873497545837
2001-09-06,-35.050235773017576,-30.962910233530085,5.987749583256818,-10.76577189197798
2001-09-07,-34.229037542226074,-29.927304638259695,5.148775664434157,-10.334926432205187
2001-09-08,-35.12992175390123,-28.148791865429676,3.9957476570601633,-11.354846201645033
2001-09-09,-34.40740035537082,-27.714955339595683,1.7961702625491505,-10.801057011064506
2001-09-10,-36.05538623432161,-28.093581905583925,3.11855000359778,-12.004137171436511
2001-09-11,-35.64194940606775,-28.19447195263645,4.753268729046518,-13.065002481948186
2001-09-12,-34.99973190805541,-29.166684698099868,5.406604834251849,-12.412131074297578
2001-09-13,-36.8653530444853,-29.818983422252305,4.6478174234679,-12.29456352019089
2001-09-14,-36.22407089733332,-30.462088485326394,5.117875775134289,-12.373113171538796
2001-09-15,-35.98535555028031,-29.384117942750308,6.071608810280872,-11.63799457766298
2001-09-16,-35.62187710173972,-30.19221395659168,6.859921869086122,-11.518219694700568
2001-09-17,-35.75901334855727,-29.61166716776323,6.3793857538129135,-12.09457318319883
2001-09-18,-36.13963948765867,-29.622166298241385,6.062838866184535,-13.048409724379267
2001-09-19,-37.5485727808486,-29.167820416988278,5.331652764561911,-13.937595191204727
2001-09-20,-37.124869410443296,-28.11357518928006,4.589589696987322,-13.755332611320302
2001-09-21,-37.943709122008286,-27.129699659723133,4.173125230468356,-14.358140014355367
2001-09-22,-39.59431296983608,-28.26680725607509,4.018373862162124,-14.080881233713852
2001-09-23,-39.97033171375087,-28.752333696343484,4.88500857096713,-12.609288386444582
2001-09-24,-40.81233127078631,-28.543108979378026,4.533963430927621,-13.416615910048773
2001-09-25,-41.238858509812225,-26.95927609987698,3.8407798921225,-13.005063900889263
2001-09-26,-41.343793081719625,-28.592621587003727,3.573772911480498,-12.90342425537305
2001-09-27,-41.64889780444796,-30.028153697861605,2.6710388529076,-14.880052953862105
2001-09-28,-42.93359789839439,-30.003658336238274,5.2179610899329365,-15.394847810241485
2001-09-29,-42.83656229657919,-29.929296828492838,4.074242194502146,-13.632520398720711
2001-09-30,-44.41074358774364,-30.640564909908523,3.3742642466877912,-14.683659080182235
2001-10-01,-44.673503342316494,-30.170514258227666,2.2231068805168923,-15.58601081452655
2001-10-02,-45.13689205025052,-30.036100010917135,1.5103459779066577,-14.979368798449242
2001-10-03,-43.799753628509954,-30.741898187951122,1.2212907372572244,-15.68941618205526
2001-10-04,-43.56726611663487,-30.547058126966903,1.938647865355309,-15.007415294880214
2001-10-05,-43.36809970245957,-32.30903459515129,2.804339506363104,-13.839476714925897
2001-10-06,-43.388475583175385,-30.397604745733243,2.9514506530151796,-15.596379960413769
2001-10-07,-43.07270848193659,-30.905054489752057,2.960443270898491,-17.875478180345667
2001-10-08,-44.80350506515475,-31.218572680067997,2.5406696958121975,-16.614157161618113
2001-10-09,-45.52162245764928,-32.09108443791014,2.7751989246422415,-15.812769804293753
2001-10-10,-44.10419130433178,-32.162691464490635,4.516724051154535,-15.42745472652262
2001-10-11,-44.086420660260536,-32.20660980216613,5.0320514473291595,-16.32476768711935
2001-10-12,-44.45017195590978,-32.75179437193509,6.183182450311161,-16.704108041511052
2001-10-13,-44.56424441625414,-31.570037813780377,6.906533112276712,-18.55637171751679
2001-10-14,-44.76344209125296,-31.839484915330697,7.510325270215386,-18.418958798620196
2001-10-15,-45.237600141988466,-29.995522184453982,7.872565378086071,-17.30354169156518
2001-10-16,-47.493335398229995,-28.48000736989869,7.617609201041248,-16.83844572378975
2001-10-17,-47.436098964461536,-28.70903023683403,6.552575378963114,-16.103250912399908
2001-10-18,-48.798209027411865,-30.94372564350773,5.304840452448292,-15.244116209129766
2001-10-19,-48.689090779082534,-30.69862118958337,5.388873734811398,-15.60259632587998
2001-10-20,-49.73257204354555,-32.459674621969995,4.745178626999426,-15.31698261343004
2001-10-21,-50.31210824631698,-32.7912897787493,4.508391637426402,-13.982123678688913
2001-10-22,-50.05932160904872,-32.79354647074119,4.645365844115579,-13.118840787704894
2001-10-23,-48.78865425429662,-32.90458440316686,5.913861248552189,-12.750092751256645
2001-10-24,-49.19499186289056,-32.53012129202003,4.797552752271319,-14.45838722346906
2001-10-25,-49.48395943328473,-33.15629308873798,7.54029394494583,-15.01687221846825
2001-10-26,-50.70331160779906,-31.83389612937913,6.345153666066815,-16.89885106211732
2001-10-27,-49.92376051636595,-30.22997199799903,6.953788996907774,-16.606602351119363
2001-10-28,-50.26111826494358,-31.099622617869912,5.762693735118742,-17.512747279886938
2001-10-29,-49.15616021199414,-29.964688371962836,5.707315871522995,-16.990112088895632
2001-10-30,-49.00273552908831,-28.92237656856002,5.991077520619527,-15.490168927200934
2001-10-31,-47.63500221430742,-28.48800211715146,5.088500607511931,-15.287221236357055
2001-11-01,-48.94728289418071,-28.646646791521267,3.2017507316971683,-13.859675154378872
2001-11-02,-47.852385087920474,-29.61169067913262,2.628444527815346,-13.751755071995348
2001-11-03,-50.03085070492653,-29.041678972295436,3.032943216631991,-14.311665982364623
2001-11-04,-52.77635608900669,-29.51994046282991,3.1129334345189887,-14.260393851306219
2001-11-05,-54.653393561719184,-29.616224345937074,2.5503846735455697,-14.44822149073129
2001-11-06,-55.188827323713845,-29.294314015245035,0.8646472573165429,-13.748550610735762
2001-11-07,-54.504470810990526,-29.370273647035635,-0.10221456894339553,-13.209640303496874
2001-11-08,-55.44266278204025,-29.480096971634822,-1.0187671841025838,-13.804062764951711
2001-11-09,-55.716418122379224,-29.014069360543232,-0.7774143020197569,-15.222936239151966
2001-11-10,-56.41202154191919,-30.401178305043892,-1.5715825383606234,-14.426642482183771
2001-11-11,-55.79764430712866,-32.020436566253856,-1.1648510409963775,-17.089772271405405
2001-11-12,-55.902581463714725,-31.370588757272817,-0.2827264202143127,-18.885904301154905
2001-11-13,-57.18263763579941,-31.71999702323494,1.9469568647446576,-19.262315637836082
2001-11-14,-57.23567901392749,-31.08941596187014,2.6441235676259964,-19.7700880303466
2001-11-15,-55.71022844715298,-31.414028025183224,2.2712007207032996,-17.948507693849855
2001-11-16,-55.99240858000367,-32.29853494259772,1.862166212183939,-17.52607026392991
2001-11-17,-55.67831356592154,-32.68783696517803,0.6846446292333126,-17.545659871869393
2001-11-18,-54.788712988208474,-31.27874299756754,0.24063617596422054,-16.45434235540219
2001-11-19,-53.91555050636176,-31.65992983159001,-0.06261777255466205,-15.283245945409154
2001-11-20,-51.91944928535151,-33.107359207159135,0.9987254558397353,-15.111547414229614
2001-11-21,-52.39034380695859,-31.09771699309592,2.2985338066483223,-16.416373444419303
2001-11-22,-53.38211628896669,-31.444469390345137,2.057295744582801,-16.000844836887058
2001-11-23,-54.5939486547156,-33.856928258360846,3.563089593494702,-13.178787102195729
2001-11-24,-53.01255129184978,-34.69218772271749,4.3917057472168315,-12.648692738548927
2001-11-25,-53.24975317499672,-35.62096345321947,5.849451761358035,-15.833846303913015
2001-11-26,-53.24626447473949,-34.57987868500331,4.320543296141808,-15.24531223818857
2001-11-27,-51.123469468169006,-34.42217233173346,3.357716722995676,-15.6071489738428
2001-11-28,-51.46523297279162,-34.94631394972809,3.382751993440556,-15.465728562255954
2001-11-29,-51.88801126060859,-34.158883910516806,3.3917700775210027,-15.515627399884231
2001-11-30,-52.54661391617916,-33.86384767563563,3.0518119213362866,-15.764675309264131
2001-12-01,-51.42668117495561,-34.62346288584272,3.4764177387653636,-16.529900347447303
2001-12-02,-50.69971198655639,-34.264155055781636,2.7428327137897583,-17.368749020583984
2001-12-03,-50.29496303539358,-34.17790528714876,2.4204074296387175,-18.36081331917266
2001-12-04,-51.87338403976475,-33.678408903652226,3.6191049179208887,-18.750035751573005
2001-12-05,-52.224520929192124,-32.83920795305366,3.0808198135745632,-17.965397434426723
2001-12-06,-53.31664025823873,-33.928830709075285,2.9420785368330344,-18.49990838757097
2001-12-07,-53.79431394811156,-34.13381064553616,4.806363226242644,-16.986608317757707
2001-12-08,-56.00180201995701,-33.601297288965924,3.564082607085826,-17.755126025179102
2001-12-09,-56.02137520382063,-33.90442691500021,4.258795374914266,-18.192180106333904
2001-12-10,-54.10896561991238,-35.09033926255633,2.3461164807221118,-19.38456734753879
2001-12-11,-54.04362507619779,-35.02098912485693,0.3619705750602791,-19.20092931688172
2001-12-12,-53.59494386006593,-35.911397198241445,0.38064395262018846,-19.27584839019845
2001-12-13,-54.43018336428364,-34.19796205781945,0.2462682694128439,-19.936156673899678
2001-12-14,-54.68706249390926,-35.14435785199674,-1.0634482796977816,-19.43917575660168
2001-12-15,-55.370819530661706,-35.16985198378431,-1.9426484129753623,-17.383241305557927
2001-12-16,-57.4545482312135,-33.43009547154562,-2.44361462018675,-17.199809033024614
2001-12-17,-56.715841199224435,-32.902040102822134,-2.625556906670358,-17.175316605975222
2001-12-18,-57.86188293832214,-32.33116620977348,-3.3056675643737132,-17.06192875852484
2001-12-19,-55.6612478514697,-33.70141153793747,-4.182571205176442,-17.835944120901342
2001-12-20,-55.946131308748164,-33.52228273753024,-5.215408138025658,-16.87925922584983
2001-12-21,-55.86532150607549,-34.75386057707941,-5.780267984391854,-15.784788330306588
2001-12-22,-56.45669123356281,-33.08487819245355,-4.2450825221319155,-16.885137235541062
2001-12-23,-57.80473491677208,-33.30897515433371,-3.2156554109546462,-18.411983911931657
2001-12-24,-58.36168833597388,-31.745187098742466,-3.06623676549501,-18.43968504936069
2001-12-25,-57.131582333065786,-31.299491489194033,-2.3758889717324347,-18.415711635760356
2001-12-26,-57.79159614790699,-28.821656654843135,-1.2291648359560563,-19.475633451234238
2001-12-27,-58.75729545667606,-28.236741731933137,-1.008720041209009,-18.186048260358024
2001-12-28,-57.821946657156786,-29.61321848143317,-2.1258509657325146,-18.413391434534137
2001-12-29,-57.49998089854375,-29.30763113366447,-2.6509988996377833,-17.658427135716657
2001-12-30,-56.8992802216344,-27.58215698218495,-3.2557986580405105,-16.36237812318523
2001-12-31,-58.43074153953,-28.348105034428578,-3.5087203170263006,-16.420163785056797
2002-01-01,-59.39769293902896,-28.882422350091876,-3.530643585760279,-15.861804477348496
2002-01-02,-57.77780836840533,-29.36861214997725,-4.473652915419389,-16.73587309150464
2002-01-03,-56.97019377850584,-30.037405413513632,-3.2459464361316357,-15.929222637563587
2002-01-04,-56.91951442317654,-30.738475764600683,-3.0256537663453065,-17.353194699655923
2002-01-05,-56.23912303408566,-30.567224574228003,-1.5114017214783142,-17.000545170925466
2002-01-06,-56.34702847989425,-29.22996771970315,-2.1928738692081158,-17.878638307205385
2002-01-07,-57.3432113616291,-27.592121185951154,-1.0829761613439761,-16.378827700621237
2002-01-08,-55.98629485646802,-28.240185515118238,0.5051693709909544,-16.850240226915776
2002-01-09,-54.58150089039938,-28.94870807795689,1.5134686301382858,-17.485908844317727
2002-01-10,-56.77541784199969,-27.485477336345323,3.9393983464496625,-18.40769491326063
2002-01-11,-56.96752341550146,-28.627124876544176,2.700989667843909,-17.610455431075696
2002-01-12,-56.58289672698,-27.668810858653224,2.040724968268973,-17.438439997125844
2002-01-13,-56.5250633174066,-29.115199874104803,1.2209766269249145,-17.253914288509186
2002-01-14,-56.38119381532875,-26.914341971455706,1.1350487926981694,-17.283471081627265
2002-01-15,-55.97979269434012,-28.252814095045803,0.13653190613199273,-16.874521763381924
2002-01-16,-54.45111432770902,-29.260382212254434,2.0940343011372446,-15.414284302148904
2002-01-17,-56.063266341561864,-28.898764996871616,4.311030957039437,-17.158185488250485
2002-01-18,-56.39781776027075,-29.946517659408656,6.116784632384179,-15.665776090885704
2002-01-19,-56.855335895187004,-30.82426348069667,5.821498187010361,-14.445944331209699
2002-01-20,-55.37258959682235,-33.06993564533851,5.2664435002624135,-13.824663155239092
2002-01-21,-53.22607079811936,-34.165931420694235,6.539315816615122,-14.472920558718013
2002-01-22,-52.277380431422706,-33.907291510479396,6.502129527202419,-13.544791091768484
2002-01-23,-52.62321041904891,-34.325100361584376,6.015599433947756,-13.120715053699943
2002-01-24,-53.28659760265679,-32.10064966257943,8.50780030157857,-12.90040349512211
2002-01-25,-53.2041466560639,-30.74557940127196,10.36283758524715,-11.632913617635412
2002-01-26,-55.11949750158724,-30.34930793409392,10.162008396792741,-11.37140052926902
2002-01-27,-57.188735466604925,-30.52529908637522,10.002993033853006,-13.773227263434668
2002-01-28,-56.92754914298355,-29.70421790304647,9.423405771759358,-13.09370412906219
2002-01-29,-57.4575165387387,-29.467241386195376,10.160456562451978,-13.443696474945936
2002-01-30,-57.99032164092627,-30.887307247425255,10.891430486401209,-14.026640572481787
2002-01-31,-57.331935816851086,-30.778234133236907,11.958944715280266,-13.175152969622577
2002-02-01,-56.69283354788156,-32.745926319619954,12.214034581318565,-12.011479317082005
2002-02-02,-56.69957739559034,-33.33814813838868,12.096488040982006,-12.814796417178945
2002-02-03,-57.439124344111725,-33.934623948021816,13.395203257929966,-12.73183153977495
2002-02-04,-56.959104454586175,-33.00038731240897,13.531589221501042,-12.385976753328666
2002-02-05,-56.06110583508867,-33.56143675150537,14.915033965155923,-13.898469245179705
2002-02-06,-56.97298751411971,-33.17823312525515,14.282075317167886,-13.02363360538613
2002-02-07,-57.007313084073225,-33.13427001758178,14.656001730113735,-11.776350210604232
2002-02-08,-57.08413798088682,-34.29363528978841,16.26637135401231,-11.171051517258057
2002-02-09,-58.58911752502401,-34.60245332438253,14.95169444228524,-9.0335045455917
2002-02-10,-57.944909981332394,-34.018230429771776,16.68974907594659,-8.856178881983734
2002-02-11,-57.19668270573192,-32.170892159273656,16.813137744939013,-9.649994039316327
2002-02-12,-57.46549525664133,-31.56976048459527,17.081241121432647,-9.223341721742274
2002-02-13,-57.558431409968435,-31.60789359727311,19.289250969698088,-9.866776422499154
2002-02-14,-56.79647078129512,-33.196953895966345,18.629558185916704,-11.55680546380158
2002-02-15,-57.37925871130714,-33.994643131121194,20.61419521023267,-12.060935041147799
2002-02-16,-57.275327525372504,-34.10733231986408,21.783314835459944,-12.479120172483515
2002-02-17,-56.906033659605974,-33.28105356459265,22.364683606377895,-12.535486471613448
2002-02-18,-58.917548764775525,-31.951445136198217,22.457736331467633,-12.15204685915793
2002-02-19,-58.430052497734664,-31.130036517505925,22.643521615790323,-12.047250910013602
2002-02-20,-58.24516373209967,-29.82810291026548,22.718727167586543,-12.297590828558477
2002-02-21,-58.101532089887534,-29.495577139704864,23.41074317040264,-12.763541218500928
2002-02-22,-56.94462929362753,-29.937236899804592,21.98121032933759,-11.559571388483906
2002-02-23,-57.29156103143674,-31.08775321177276,21.372184611113536,-11.329603302339219
2002-02-24,-56.448714219353995,-30.818187506656603,21.763834971699886,-9.761242493265792
2002-02-25,-54.74245951071701,-31.00826595305761,21.215309289369962,-9.983017323263558
2002-02-26,-56.07492900603004,-29.339518117728463,20.801658497329147,-10.224746805793204
2002-02-27,-55.30166876578408,-29.153864941012767,21.91475199346237,-10.428240936865679
2002-02-28,-54.35611897184878,-29.19159316487529,23.030566515792856,-12.01562760752565
2002-03-01,-54.70076209875377,-29.699645386028887,25.070711760518748,-12.749832008778743
2002-03-02,-54.89676048171183,-29.298155602807782,25.277715844784087,-11.54038474150258
2002-03-03,-53.22906168058386,-30.513701759645777,25.46380939576301,-12.15952247766207
2002-03-04,-53.04457816077845,-31.526764595506773,26.78278208995054,-11.257842885851748
2002-03-05,-51.398613948136266,-31.717604228240315,28.28495999916107,-11.903929463269783
2002-03-06,-50.40289714522493,-32.20493772955512,27.197410220581776,-12.338922536285612
2002-03-07,-51.21099914683341,-32.18206923016195,26.646744760584188,-12.143145126392142
2002-03-08,-51.77983384205705,-32.21654945957986,27.9733715338784,-10.774632781813493
2002-03-09,-51.17816409491032,-32.90924612319187,27.801018475711743,-11.214172245463082
2002-03-10,-49.76750770555731,-32.52621634963215,26.937456187432765,-11.312634035323123
2002-03-11,-49.08803728084898,-30.70131645208042,27.878408153249424,-12.353625854083713
2002-03-12,-48.84238309081376,-31.761939968182237,28.668162111505968,-11.274683421400434
2002-03-13,-49.13576963948711,-31.876550451385242,28.153286775668732,-10.327114496986754
2002-03-14,-48.308153206282476,-34.830160566940506,29.142126950454582,-8.704689215194097
2002-03-15,-49.627134759657594,-34.97841141834047,29.04662797654521,-9.306050311204306
2002-03-16,-50.66661772542119,-33.36633145715591,28.469188952493255,-8.83466551140167
2002-03-17,-51.724718453471255,-34.05019432192895,27.402539664656327,-7.509860673243034
2002-03-18,-51.05934733101699,-35.14379682768975,27.94468544920953,-6.519805880516853
2002-03-19,-50.57904887671153,-36.21720178950615,28.28184051049114,-7.303449865704062
2002-03-20,-50.14580324138319,-36.597180790359,29.23707988563546,-8.602116287565579
2002-03-21,-50.8994757942701,-36.16297763599126,27.84500498318549,-8.065944635386789
2002-03-22,-52.517416505561336,-36.02228472746092,27.365845718282472,-8.400252194737382
2002-03-23,-50.92704894361302,-33.984584792744954,26.899307036579863,-8.451071972941417
2002-03-24,-50.8915096842541,-33.83591966421545,26.63289716598762,-8.878307564857465
2002-03-25,-50.05101426604745,-32.90375827766516,25.790132581517902,-8.317426844415996
2002-03-26,-50.856114191122764,-32.58180911597337,24.501420052760807,-7.1280666625187425
2002-03-27,-50.76772902509816,-31.565779757885018,23.602728376322716,-8.56915123877108
2002-03-28,-50.85107279853681,-31.552640092197457,24.107449313663253,-8.632682398814039
2002-03-29,-51.518459474230596,-30.066991144273732,23.36078937987351,-9.2239272953136
2002-03-30,-51.97454388403019,-29.03292738253964,21.416024024833856,-8.304939009077625
2002-03-31,-51.09382123109989,-27.903551665476538,22.127610760934743,-9.270939198345987
2002-04-01,-50.028615077156346,-26.903984347086233,20.935776247433747,-8.71483652267597
2002-04-02,-49.52176361255725,-25.67269809781582,20.689118388944777,-8.186173340558893
2002-04-03,-48.37472869698019,-25.111377592546788,20.6365871380652,-6.786837809217325
2002-04-04,-47.833048543496275,-24.901622137672792,19.788671763070866,-5.767924043014678
2002-04-05,-48.90532407707304,-25.022866872668985,19.21655369136266,-7.768657761378727
2002-04-06,-48.53230228136577,-27.162045875619796,21.041743486724158,-9.009017984725265
2002-04-07,-49.252437212149964,-27.290189482275018,21.166589263710513,-9.723390772998853
2002-04-08,-48.752485183803536,-26.31244805918872,20.26909422362663,-10.034299856017274
2002-04-09,-50.62949287581541,-25.934942438809752,19.726212011196168,-8.877629288343295
2002-04-10,-51.8059244434487,-26.28718470849269,20.81263817520667,-9.786277775996444
2002-04-11,-51.646332777997195,-24.859838012751116,22.289963643455188,-8.695446401964286
2002-04-12,-53.06431422636106,-27.558756755129536,21.40666520830206,-9.242824222075992
2002-04-13,-51.02347586728578,-27.071119778012353,21.32575395209099,-9.709612985791717
2002-04-14,-50.53327155824202,-27.972634525863466,23.005021292445008,-10.991819280928793
2002-04-15,-51.96356574421634,-29.402212363882203,22.554847168532362,-10.598735784727054
2002-04-16,-53.03774274786139,-28.11163377028023,20.602387011160843,-10.964425382036714
2002-04-17,-52.9861158924782,-27.970632600695446,19.33163286045227,-11.742662801937549
2002-04-18,-50.97395274762074,-27.744179331865436,18.996136307076313,-12.161586052614135
2002-04-19,-52.541971733202935,-26.626794344753005,17.966860837083843,-13.305559176550583
2002-04-20,-53.49625598680249,-27.96247716673507,17.454684927036723,-12.715498208649645
2002-04-21,-54.944865076955864,-28.23295367491799,16.072327316907142,-10.992225841983062
2002-04-22,-54.23041653758152,-29.72410621251369,15.855992744224338,-13.151692638622134
2002-04-23,-55.27453192980505,-28.35537152711811,16.432689045879506,-11.801874340026442
2002-04-24,-55.46573026794515,-30.295509204852866,16.238004731127873,-11.905216275329341
2002-04-25,-56.496168095438,-31.032661919900224,15.068921309887816,-13.48493045793932
2002-04-26,-54.6653681876748,-30.815774486693034,16.724212015077676,-13.322305904344388
2002-04-27,-55.00487329718527,-30.49986848740491,15.723689326701548,-13.592447828866572
2002-04-28,-55.651031597847165,-33.678214758850146,14.434259261788313,-14.778404031081585
2002-04-29,-55.7257687487391,-33.08285588290595,16.269546531430944,-14.0703364476621
2002-04-30,-55.208441542685954,-31.320804919115886,15.63375948065731,-14.346469016790161
2002-05-01,-53.91605212494206,-30.6241361869211,16.340753913810644,-14.105109379997662
2002-05-02,-55.017639740652854,-28.8426551404232,16.071993279059033,-17.516773451069575
2002-05-03,-55.485701294268104,-27.11260673606019,15.944313307830976,-18.87199495207419
2002-05-04,-55.45585734620156,-26.282454212812,16.780266376956092,-18.318114338613675
2002-05-05,-56.36013353226141,-26.449628902725365,17.228903408323173,-19.637051932877885
2002-05-06,-55.89581816124271,-24.461052992502996,17.474826549734757,-19.035259204631373
2002-05-07,-56.14339856925672,-23.768832112589653,16.592910808391526,-18.565069794054182
2002-05-08,-56.85673545447821,-23.877809216771784,17.109061862174404,-18.61562445793234
2002-05-09,-56.330702268896545,-24.83655065757576,15.863380623819896,-17.184372896489897
2002-05-10,-57.13629718262632,-25.260262199765286,17.068994078917918,-16.43064641064398
2002-05-11,-56.12710993569722,-23.9152300325078,17.505767411777537,-15.69168212847149
2002-05-12,-55.14505364455744,-24.09113898235495,18.226078666980907,-16.82687968438319
2002-05-13,-55.26618912596063,-24.173567524189984,17.74194420839285,-17.866394842144295
2002-05-14,-53.97019813697126,-23.281791929601294,19.131518659913564,-17.557459937919962
2002-05-15,-52.90379274837801,-22.262423526595374,19.181878017111348,-18.716399246653875
2002-05-16,-52.55016231702126,-20.83443201014063,20.149542045029662,-17.8991522962722
2002-05-17,-51.3263054276104,-21.12548855869273,19.741432592955242,-19.177150434922414
2002-05-18,-50.96977066175615,-20.536654588797443,20.82271045941742,-18.5786395876923
2002-05-19,-52.08782913362083,-20.550522703645687,21.646080027924633,-18.58852220107056
2002-05-20,-53.185644689230315,-20.849210271421814,23.18889686960353,-18.38719982053867
2002-05-21,-54.47975658600176,-21.16612143717498,22.68746606044684,-18.84068464817385
2002-05-22,-55.968915383936576,-20.368543731372696,22.283627980242464,-19.649455113277128
2002-05-23,-56.963358793722264,-21.306810073888983,22.681849243550122,-20.223905224910755
2002-05-24,-58.90820469158555,-20.268148411923924,22.364187033302457,-21.036015741540137
2002-05-25,-60.800811546166955,-20.35718512148016,22.620326985301176,-19.280644159080687
2002-05-26,-58.67771831668729,-19.179179725471933,24.718456671752612,-20.025016166260595
2002-05-27,-58.264658720862734,-18.114770436554082,24.898175274331074,-18.54782408048013
2002-05-28,-58.97199611404059,-17.037446580619743,26.708235088386743,-17.77633798035561
2002-05-29,-60.16725899673176,-14.780134962387939,26.510045970940904,-18.984395158257808
2002-05-30,-59.753563350314025,-15.116883678207623,24.579299471136064,-18.501704882334522
2002-05-31,-59.23362409573253,-17.11868028818583,24.290038377221936,-21.235741585262673
2002-06-01,-58.18548456492378,-17.16038034146287,23.492127164138353,-20.886212156851244
2002-06-02,-58.51815316664885,-17.46280570308823,23.013583225013093,-17.74579586382088
2002-06-03,-60.26573456906503,-16.191608855845892,22.66341885389332,-17.24139447512083
2002-06-04,-61.327517214300414,-18.72121180275026,22.756855083121206,-17.686584258815508
2002-06-05,-62.63015047545677,-20.14985643118627,22.344231628807567,-18.395703774783094
2002-06-06,-62.13880387558467,-18.947220165029194,21.207421641212004,-17.678729400035717
2002-06-07,-63.10069039471317,-18.95692781949697,22.887343680934695,-17.29713588122287
2002-06-08,-62.0462207546255,-18.819931822977818,23.03119441348094,-17.10126701662961
2002-06-09,-60.798877234771425,-20.831549615437964,23.742620803231876,-17.123208657019454
2002-06-10,-60.29084272098796,-21.154486127937247,24.260488202141364,-17.500424226060453
2002-06-11,-59.907017770185696,-22.92449211316243,23.316223193532583,-17.587846417699208
2002-06-12,-60.04567557263014,-22.765104005751294,22.374497281273797,-17.871597932984006
2002-06-13,-59.39044925976425,-23.912772253845926,24.142538367703644,-18.1451276981479
2002-06-14,-60.13498017422761,-23.348621023925578,24.904706080829552,-18.797997799461577
2002-06-15,-59.163606000832914,-26.58527507249427,25.65281851714983,-18.414373252555645
2002-06-16,-59.1720971730935,-24.857211939015812,23.153746443087044,-19.166708654208122
2002-06-17,-60.66854211927736,-25.45907131145518,21.52066173236076,-18.80734305403983
2002-06-18,-60.4538134157388,-25.37827920232922,21.396324391230966,-20.225212703857867
2002-06-19,-59.62837612204555,-27.782633040919094,22.595776048290677,-20.74573251860961
2002-06-20,-59.08051696215587,-28.340815733297937,22.598671689578904,-22.417957245345505
2002-06-21,-56.85865871575931,-30.793577657918284,24.001059493465693,-22.99032671451831
2002-06-22,-55.83875557928494,-30.712051094839943,24.089530123960493,-21.67103707319259
2002-06-23,-54.77277927720421,-30.45335172301965,25.315227385371628,-23.09391595222961
2002-06-24,-56.81915907121133,-31.282814239003265,25.645712036176267,-23.52239687793735
2002-06-25,-55.24756377694512,-30.88938103245227,26.615748716498498,-24.077320563291433
2002-06-26,-55.14365821801869,-31.761703949451576,26.52602409510107,-25.12192948905283
2002-06-27,-56.146031454799946,-30.925096590709497,27.22477892944102,-25.409508035634023
2002-06-28,-55.913005163342916,-32.31887838074731,26.941749234185057,-24.641764272911917
2002-06-29,-55.43930392909573,-32.09392931963632,25.529693589942934,-25.300961227189607
2002-06-30,-54.76737599362384,-30.844377970232667,23.844989528669366,-24.9108425450326
2002-07-01,-54.94622386392053,-30.78121145884229,23.177232290852466,-24.414424957099044
2002-07-02,-56.26154154439697,-30.624532455241663,23.734805486543696,-25.99647961190751
2002-07-03,-56.79716572557936,-30.97491488377875,23.248806416670075,-25.253703796850175
2002-07-04,-55.220857081453374,-30.418733497708246,22.549405155776068,-25.911388169511884
2002-07-05,-55.870039000597714,-29.617988857229193,22.988809530269805,-26.118592591897396
2002-07-06,-55.785824289822955,-28.869128405007366,23.225304744858953,-27.79365306880198
2002-07-07,-57.937914153937626,-29.183760978570287,24.933888051417604,-28.71462109065189
2002-07-08,-59.32824902288746,-30.34685101159654,26.339520775258777,-30.37710621517358
2002-07-09,-58.78349795629326,-29.80812740969502,26.415183040469124,-32.04956519541166
2002-07-10,-59.400238691791564,-31.297086045686598,26.720161611115927,-31.65445734448097
2002-07-11,-62.02031345828039,-30.941498823979543,26.70072588839782,-31.231753167002292
2002-07-12,-62.445269113140235,-29.968763226260013,26.700982025788242,-30.075585620507848
2002-07-13,-61.12605427215127,-29.889483990887573,28.07666052748835,-29.34672252321341
2002-07-14,-60.848520931190855,-31.459351672765308,28.0459396242962,-28.259197615951305
2002-07-15,-62.39303755135944,-30.518349730908245,26.720622654990727,-28.583968541950902
2002-07-16,-63.44193776272254,-31.071490530395092,27.29171385772828,-29.25797162438873
2002-07-17,-64.76623361397583,-28.333463006604944,26.835660695660312,-27.20459543325095
2002-07-18,-64.23687728044882,-28.12801640172062,27.22002584546438,-26.713453536323318
2002-07-19,-64.10822264376742,-29.241979683206807,27.419636441627073,-26.22946687335894
2002-07-20,-63.74753516286773,-30.648072693534893,27.030148732661733,-26.77780229195954
2002-07-21,-61.82033893540944,-30.16117741652337,29.719651164830047,-28.78719775732864
2002-07-22,-63.51247179373702,-28.998466408884028,28.516425372902702,-30.147088347886342
2002-07-23,-62.28258527752187,-29.784429880240932,27.93473283846833,-30.263756571720815
2002-07-24,-62.523302332094126,-31.216108765641685,26.57346448786199,-29.952609395328533
2002-07-25,-61.76374873149282,-31.702566583856783,28.054534945674177,-29.39748131124702
2002-07-26,-61.26805980387478,-30.684340376473486,26.42468048744763,-28.7487586023274
2002-07-27,-62.1234913494712,-30.614529998401245,27.144353455470455,-29.062686880486503
2002-07-28,-62.9003536596179,-29.947093840104607,28.06631361525308,-28.238153588448366
2002-07-29,-61.94716618795033,-29.68733046311595,27.39894420358226,-28.935013876046924
2002-07-30,-61.90976657441343,-28.81008753986121,26.851641802939238,-28.387354662150152
2002-07-31,-61.071768178874834,-29.504718169190273,27.176885268803385,-29.227067831482124
2002-08-01,-60.52637578003076,-28.71509984109941,27.61649189222047,-27.927268386344025
2002-08-02,-60.51080670744592,-27.607333312006606,26.9647371513608,-27.560336072120034
2002-08-03,-61.56414573996345,-28.501244760975958,28.597346371586156,-28.109899909667938
2002-08-04,-60.50811651372714,-28.72177255806638,26.998945497585854,-27.15212559269072
2002-08-05,-59.47733546782961,-28.249913023677784,26.906879152782853,-27.83049552471001
2002-08-06,-58.501193597204576,-27.168338821772874,25.537862632834326,-29.346452059848467
2002-08-07,-59.250643933227714,-27.117539132053466,25.256981813128526,-30.150162331918484
2002-08-08,-59.74196733455539,-25.046762244770996,25.62510280727743,-28.517169832965003
2002-08-09,-58.96562454963032,-23.334408398509375,24.11071720931869,-29.776385122900283
2002-08-10,-59.56035325083198,-22.68033860829087,22.99672782149877,-30.077066032156928
2002-08-11,-59.14944508029741,-21.219569906009948,23.618034402472734,-29.686739384791665
2002-08-12,-58.123919209240874,-20.8604158366894,22.36538444155002,-30.790419350855355
2002-08-13,-58.737801410000344,-21.22712726347162,22.620014905567466,-31.755976319640432
2002-08-14,-58.77981361416293,-20.729082849095782,22.28950966906984,-31.053287612123956
2002-08-15,-58.95778694612434,-20.82064755637787,23.420366392237227,-29.833992007609133
2002-08-16,-59.24630610594107,-21.214451822267318,21.690268063327068,-29.88438249645655
2002-08-17,-58.79899549750157,-22.119591558541657,20.504757202563834,-30.105752166338362
2002-08-18,-58.8925935764065,-22.966616127847928,21.595531019953455,-29.485519267685362
2002-08-19,-57.77680048534974,-22.88103688040002,23.383603523702675,-28.16892912396107
2002-08-20,-57.42514671824368,-22.53366670424268,22.7885065006772,-29.735315114448117
2002-08-21,-56.28128974255581,-22.126474974321226,22.234661911999357,-29.078907782470008
2002-08-22,-56.679749263845146,-19.995157613154877,22.543039498604166,-27.287208788851693
2002-08-23,-56.575069568581654,-18.674536034833096,22.810366888245284,-28.757920328276622
2002-08-24,-57.64122856789955,-20.06206532895758,22.71487149320479,-29.507855149758626
2002-08-25,-58.230132330105114,-17.72259475993545,22.789116568045234,-28.9659421984287
2002-08-26,-56.246745946093334,-17.06720239695032,22.548998464239535,-28.63633096420422
2002-08-27,-55.16069959619404,-16.56903696980348,23.09562063506815,-29.1181506954936
2002-08-28,-54.326995889977255,-16.70573293444769,22.503305783812408,-29.704052265093964
2002-08-29,-53.75494688769346,-17.690676901791967,23.112637439569657,-31.201996775591393
2002-08-30,-55.4419089157215,-17.43100917879633,24.181750238859827,-30.942837265987148
2002-08-31,-54.805318384684156,-18.120945252577258,23.330459904690848,-33.05898453688691
2002-09-01,-54.23972556806121,-17.79435165277455,22.43099038352516,-33.950704979762435
2002-09-02,-54.267640501577716,-17.563771396486928,23.281527199820296,-35.74515600851331
2002-09-03,-54.118548835523896,-16.278900841421347,22.75719619890562,-35.42545274608214
2002-09-04,-52.38456254763384,-15.771108690722093,23.18461870947816,-36.47793112764081
2002-09-05,-51.82167725003179,-14.448465646543932,24.243252678766993,-37.69155904885877
2002-09-06,-53.34578446166116,-12.983732100423524,23.269139404283152,-38.560254937260915
2002-09-07,-53.95950980784666,-13.01674358147331,23.628958033594746,-39.107996945400515
2002-09-08,-51.71009764868316,-13.092809432163177,23.546554669120436,-38.6842153264888
2002-09-09,-50.81466751266001,-12.968714455887286,25.050874788476076,-39.249920548977855
2002-09-10,-48.42424755675174,-12.494777334289317,24.150985460947933,-39.76358737622815
2002-09-11,-47.20063671914857,-11.625668091249812,24.02375598514064,-40.52662060180092
2002-09-12,-47.30473204564898,-11.416669559341916,24.78543157709332,-41.40536717481105
2002-09-13,-49.019568338810465,-12.648198903144761,24.500108701358492,-43.74363040697092
2002-09-14,-48.80944517965373,-12.413098366366702,25.15188027011165,-44.581167242855194
2002-09-15,-49.505719699413085,-12.790693269571332,23.893336650771786,-44.92418795832773
2002-09-16,-49.10341311742534,-12.519048965194534,25.070581410068375,-46.33538803479792
2002-09-17,-49.44655531470429,-9.833801118160792,25.575224609396358,-47.36975397661653
2002-09-18,-48.26322008146336,-9.573891608188504,26.797828645401786,-46.295341735576876
2002-09-19,-47.91588469849515,-9.47322004213274,28.13487742999851,-45.72703914750041
2002-09-20,-46.67886733758263,-8.332851197967651,28.34605104167583,-45.870717109932606
2002-09-21,-45.67054577550184,-8.304657232524736,27.808994015961602,-46.705201412684076
2002-09-22,-46.107030544056656,-8.587713345326716,25.05744176471082,-47.24860191494285
2002-09-23,-46.020379610020825,-8.686953117692747,25.041592955889065,-46.60559341225955
2002-09-24,-47.22501834893315,-8.692592602977442,26.29475239494797,-47.21222777203498
2002-09-25,-47.72971356101864,-7.471024582672494,24.54064073296902,-48.28702524561905
2002-09-26,-47.59613588442558,-7.099459579214749,25.830886648193417,-50.34203514278576
